Workbook
Name Slicer_Discount_caategory: #N/A
Name Slicer_price_category: #N/A
Name Slicer_Rating_category: #N/A

Sheet Dashboard

Sheet Raw_data
A1: Product | B1: Current price | C1: old price | D1: Discount | E1: Review | F1: Ratingd
A2: 115 Piece Set Of Multifunctional Precision Screwdrivers | B2: KSh 950 | C2: KSh 1,525 | D2: 0.38 | E2: -2 | F2: 4.5 out of 5
A3: Metal Decorative Hooks Key Hangers Entryway Wall Hooks Towel Hooks - Home | B3: KSh 527 | C3: KSh 999 | D3: 0.47 | E3: -14 | F3: 4.1 out of 5
A4: Portable Mini Cordless Car Vacuum Cleaner - Blue | B4: KSh 2,199 | C4: KSh 2,923 | D4: 0.25 | E4: -24 | F4: 4.6 out of 5
A5: Weighing Scale Digital Bathroom Body Fat Scale USB-Black | B5: KSh 1,580 | C5: KSh 2,499 | D5: 0.37 | E5: -7 | F5: 4.7 out of 5
A6: Portable Home Small Air Humidifier 3-Speed Fan - Green | B6: KSh 1,740 | C6: KSh 2,356 | D6: 0.26 | E6: -5 | F6: 4.8 out of 5
A7: 220V 60W Electric Soldering Iron Kits With Tools, Tips, And Multimeter | B7: KSh 2,999 | C7: KSh 3,290 | D7: 0.09 | E7: -15 | F7: 4 out of 5
A8: 137 Pieces Cake Decorating Tool Set Baking Supplies | B8: KSh 2,319 | C8: KSh 3,032 | D8: 0.24 | E8: -55 | F8: 4.6 out of 5
A9: Desk Foldable Fan Adjustable Fan Strong Wind 3 Gear Usb | B9: KSh 988 | C9: KSh 1,580 | D9: 0.37 | E9: -2 | F9: 4 out of 5
A10: LASA FOLDING TABLE SERVING STAND | B10: KSh 1,274 | C10: KSh 2,800 | D10: 0.55 | E10: -5 | F10: 4.8 out of 5
A11: 13 In 1 Home Repair Tools Box Kit Set | B11: KSh 1,600 | C11: KSh 2,929 | D11: 0.45 | E11: -5 | F11: 3.8 out of 5
A12: Genebre 115 In 1 Screwdriver Repairing Tool Set For IPhone Cellphone Hand Tool | B12: KSh 799 | C12: KSh 999 | D12: 0.2 | E12: -12 | F12: 4.1 out of 5
A13: 100 Pcs Crochet Hook Tool Set Knitting Hook Set With Box | B13: KSh 990 | C13: KSh 1,500 | D13: 0.34 | E13: -39 | F13: 4.7 out of 5
... A22: 3PCS Single Head Knitting Crochet Sweater Needle Set | B22: KSh 38 | C22: KSh 80 | D22: 0.53 | E22: -13 | F22: 3.3 out of 5
A23: 4pcs Bathroom/Kitchen Towel Rack,Roll Paper Holder,Towel Bars,Hook | B23: KSh 1,860 | C23: KSh 3,220 | D23: 0.42
A24: LED Romantic Spaceship Starry Sky Projector,Children's Bedroom Night Light-Blue | B24: KSh 880 | C24: KSh 1,350 | D24: 0.35 | E24: -6 | F24: 4 out of 5
A25: Foldable Overbed Table/Desk | B25: KSh 1,650 | C25: KSh 2,150 | D25: 0.23 | E25: -14 | F25: 4.4 out of 5
A26: LASA 3 Tier Bamboo Shoe Bench Storage Shelf | B26: KSh 2,048 | C26: KSh 4,500 | D26: 0.54 | E26: -7 | F26: 4.3 out of 5
A27: Electronic Digital Display Vernier Caliper | B27: KSh 420 | C27: KSh 647 | D27: 0.35 | E27: -49 | F27: 4.6 out of 5
A28: Portable Wardrobe Nonwoven With 3 Hanging Rods And 6 Storage Shelves | B28: KSh 2,880 | C28: KSh 3,520 | D28: 0.18 | E28: -12 | F28: 3.8 out of 5
A29: 12 Litre Black Insulated Lunch Box | B29: KSh 1,350 | C29: KSh 1,990 | D29: 0.32 | E29: -13 | F29: 3.8 out of 5
A30: 52 Pieces Cake Decorating Tool Set Gift Kit Baking Supplies | B30: KSh 1,758 | C30: KSh 2,499 | D30: 0.3 | E30: -20 | F30: 4.1 out of 5
A31: MultiFunctional Storage Rack Multi-layer Bookshelf | B31: KSh 2,200 | C31: KSh 4,080 | D31: 0.46
A32: Exfoliate And Exfoliate Face Towel - Black | B32: KSh 185 | C32: KSh 382 | D32: 0.52 | E32: -9 | F32: 4.3 out of 5
A33: 12 Litre Insulated Lunch Box Grey | B33: KSh 980 | C33: KSh 1,490 | D33: 0.34 | E33: -12 | F33: 4.7 out of 5
A34: LED Eye Protection Desk Lamp , Study, Reading, USB Fan - Double Pen Holder | B34: KSh 1,820 | C34: KSh 3,490 | D34: 0.48 | E34: -9 | F34: 4.3 out of 5
A35: 53Pcs/Set Yarn Knitting Crochet Hooks With Bag - Fortune Cat | B35: KSh 1,940 | C35: KSh 2,650 | D35: 0.27 | E35: -20 | F35: 4.7 out of 5
A36: 53 Pieces/Set Yarn Knitting Crochet Hooks With Bag - Pansies | B36: KSh 1,980 | C36: KSh 2,699 | D36: 0.27 | E36: -32 | F36: 4.5 out of 5
A37: DIY File Folder, Office Drawer File Holder, Pen Holder, Desktop Storage Rack | B37: KSh 1,620 | C37: KSh 2,690 | D37: 0.4 | E37: -1 | F37: 5 out of 5
A38: Classic Black Cat Cotton Hemp Pillow Case For Home Car | B38: KSh 171 | C38: KSh 360 | D38: 0.53 | E38: -2 | F38: 5 out of 5
A39: Punch-free Great Load Bearing Bathroom Storage Rack Wall Shelf-White | B39: KSh 389 | C39: KSh 656 | D39: 0.41 | E39: -36 | F39: 4.3 out of 5
A40: 1/2/3 Seater Elastic Sofa Cover,Living Room/Home Decor Chair Cover-Grey | B40: KSh 1,620 - KSh 1,980 | C40: KSh 2,200 - KSh 3,200 | D40: 0.38 | E40: -2 | F40: 4.5 out of 5
A41: LASA Stainless Steel Double Wall Mount Soap Dispenser - 500ml | B41: KSh 2,750 | C41: KSh 4,471 | D41: 0.38
A42: 4M Float Switch Water Level Controller -Water Tank | B42: KSh 475 | C42: KSh 931 | D42: 0.49
A43: Modern Sofa Throw Pillow Cover-45x45cm-Blue&Red | B43: KSh 238 | C43: KSh 476 | D43: 0.5
A44: Balloon Insert, Birthday Party Balloon Set, PU Leather | B44: KSh 610 | C44: KSh 1,060 | D44: 0.42
A45: Balloon Insert, Birthday Party Balloon Set, PU Leather | B45: KSh 610 | C45: KSh 1,060 | D45: 0.42
A46: Shower Cap Wide Elastic Band Cover Reusable Bashroom Cap | B46: KSh 2,132 | C46: KSh 2,169 | D46: 0.02
A47: Christmas Elk Fence Yard Lawn Decorations Cute For Holidays | B47: KSh 999 | C47: KSh 2,000 | D47: 0.5
A48: 60W Hot Melt Glue Sprayer - Efficient And Stable Glue Dispensing | B48: KSh 1,190 | C48: KSh 1,785 | D48: 0.33
A49: Car Phone Charging Stand | B49: KSh 671 | C49: KSh 1,316 | D49: 0.49
A50: 2pcs Solar Street Light Flood Light Outdoor | B50: KSh 1,200 | C50: KSh 1,950 | D50: 0.38
A51: Creative Owl Shape Keychain Black | B51: KSh 199 | C51: KSh 504 | D51: 0.61
A52: Brush & Paintbrush Cleaning Tool Pink | B52: KSh 299 | C52: KSh 600 | D52: 0.5
... A61: Simple Metal Dog Art Sculpture Decoration For Home Office | B61: KSh 399 | C61: KSh 896 | D61: 0.55
A62: 5 Pieces/set Of Stainless Steel Induction Cooker Pots | B62: KSh 2,170 | C62: KSh 2,500 | D62: 0.13 | E62: -6 | F62: 2.5 out of 5
A63: Mythco 120COB Solar Wall Ligt With Motion Sensor And Remote Control 3 Modes | B63: KSh 458 | C63: KSh 986 | D63: 0.54 | E63: -10 | F63: 3 out of 5
A64: 5-PCS Stainless Steel Cooking Pot Set With Steamed Slices | B64: KSh 2,115 | C64: KSh 4,700 | D64: 0.55 | E64: -13 | F64: 2.1 out of 5
A65: 120W Cordless Vacuum Cleaners Handheld Electric Vacuum Cleaner | B65: KSh 445 | C65: KSh 873 | D65: 0.49 | E65: -69 | F65: 2.8 out of 5
A66: Intelligent LED Body Sensor Wireless Lighting Night Light USB | B66: KSh 325 | C66: KSh 680 | D66: 0.52 | E66: -15 | F66: 2.7 out of 5
A67: VIC Wireless Vacuum Cleaner Dual Use For Home And Car 120W High Power Powerful | B67: KSh 1,220 | C67: KSh 1,555 | D67: 0.22 | E67: -16 | F67: 2.9 out of 5
A68: Artificial Potted Flowers Room Decorative Flowers (2 Pieces) | B68: KSh 990 | C68: KSh 1,814 | D68: 0.45 | E68: -6 | F68: 2.2 out of 5
A69: 380ML USB Rechargeable Portable Small Blenders And Juicers | B69: KSh 1,000 | C69: KSh 2,000 | D69: 0.5 | E69: -7 | F69: 2.3 out of 5
A70: 32PCS Portable Cordless Drill Set With Cyclic Battery Drive -26 Variable Speed | B70: KSh 3,750 | C70: KSh 6,143 | D70: 0.39 | E70: -5 | F70: 3 out of 5
A71: Agapeon Toothbrush Holder And Toothpaste Dispenser | B71: KSh 382 | C71: KSh 700 | D71: 0.45 | E71: -17 | F71: 2.6 out of 5
A72: Large Lazy Inflatable Sofa Chairs PVC Lounger Seat Bag | B72: KSh 2,300 | C72: KSh 3,240 | D72: 0.29 | E72: -5 | F72: 3 out of 5
A73: Watercolour Gold Foil Textured Print Pillow Cover | B73: KSh 345 | C73: KSh 602 | D73: 0.43 | E73: -6 | F73: 2.3 out of 5
... A76: Electric LED UV Mosquito Killer Lamp, Outdoor/Indoor Fly Killer Trap Light -USB | B76: KSh 1,570 | C76: KSh 2,988 | D76: 0.47 | E76: -7 | F76: 2.1 out of 5
A77: 2PCS/LOT Solar LED Outdoor Intelligent Light Controlled Wall Lamp | B77: KSh 790 | C77: KSh 1,485 | D77: 0.47
A78: 3PCS Rotary Scraper Thermomix For Kitchen | B78: KSh 690 | C78: KSh 1,200 | D78: 0.43
A79: Cushion Silicone Butt Cushion Summer Ice Cushion Honeycomb Gel Cushion | B79: KSh 1,732 | C79: KSh 1,799 | D79: 0.04
A80: 7PCS Silicone Thumb Knife Finger Protector Vegetable Harvesting Knife | B80: KSh 230 | C80: KSh 450 | D80: 0.49
A81: Memory Foam Neck Pillow Cover, With Pillow Core - 50*30cm | B81: KSh 1,189 | C81: KSh 2,199 | D81: 0.46 | E81: -1 | F81: 3 out of 5
A82: Bedroom Simple Floor Hanging Clothes Rack Single Pole Hat Rack - White | B82: KSh 979 | C82: KSh 1,920 | D82: 0.49 | E82: -1 | F82: 5 out of 5
A83: 5m Waterproof Spherical LED String Lights Outdoor Ball Chain Lights Party Lighting Decoration Adjustable | B83: KSh 1,460 | C83: KSh 2,290 | D83: 0.36
A84: 2 Pairs Cowhide Split Leather Work Gloves.32â„‰ Or Above Welding Gloves | B84: KSh 1,666 | C84: KSh 1,699 | D84: 0.02
A85: Household Pineapple Peeler Peeler | B85: KSh 330 | C85: KSh 647 | D85: 0.49 | E85: -1 | F85: 4 out of 5
A86: Balloon Insert, Birthday Party Balloon Set, PU Leather | B86: KSh 610 | C86: KSh 1,060 | D86: 0.42
A87: Creative Owl Shape Keychain Black | B87: KSh 176 | C87: KSh 345 | D87: 0.49
A88: Office Chair Lumbar Back Support Spine Posture Correction Pillow Car Cushion | B88: KSh 1,466 | C88: KSh 1,699 | D88: 0.14
A89: Cartoon Car Decoration Cute Individuality For Car Home Desk | B89: KSh 274 | C89: KSh 537 | D89: 0.49
A90: Outdoor Portable Water Bottle With Medicine Box - 600ML - Black | B90: KSh 799 | C90: KSh 900 | D90: 0.11
A91: Angle Measuring Tool Full Metal Multi Angle Measuring Tool | B91: KSh 657 | C91: KSh 1,288 | D91: 0.49
A92: Wall-Mounted Toothbrush Toothpaste Holder With Multiple Slots | B92: KSh 1,468 | C92: KSh 1,699 | D92: 0.14
A93: Multifunctional Hanging Storage Box Storage Bag (4 Layers) | B93: KSh 630 | C93: KSh 1,100 | D93: 0.43
A94: Wall Clock With Hidden Safe Box | B94: KSh 850 | C94: KSh 1,700 | D94: 0.5
A95: Portable Wine Table With Folding Round Table | B95: KSh 1,300 | C95: KSh 2,500 | D95: 0.48
A96: Sewing Machine Needle Threader Stitch Insertion Tool Automatic Quick Sewing | B96: KSh 105 | C96: KSh 200 | D96: 0.48
A97: 6 Layers Steel Pipe Assembling Dustproof Storage Shoe Cabinet | B97: KSh 899 | C97: KSh 1,699 | D97: 0.47
... A105: 8in1 Screwdriver With LED Light | B105: KSh 1,080 | C105: KSh 1,874 | D105: 0.42
A106: Konka Healty Electric Kettle, 24-hour Heat Preservation,1.5L,800W, White | B106: KSh 3,640 | C106: KSh 4,588 | D106: 0.21 | E106: -1 | F106: 5 out of 5
A107: 9pcs Gas Mask, For Painting, Dust, Formaldehyde Grinding, Polishing | B107: KSh 1,420 | C107: KSh 2,420 | D107: 0.41
A108: 24 Grid Wall-mounted Sundries Organiser Fabric Closet Bag Storage Rack | B108: KSh 1,875 | C108: KSh 1,899 | D108: 0.01
A109: 1PC Refrigerator Food Seal Pocket Fridge Bags | B109: KSh 198 | C109: KSh 260 | D109: 0.24
A110: LED Solar Street Light-fake Camera | B110: KSh 1,150 | C110: KSh 1,737 | D110: 0.34
A111: Cartoon Embroidered Mini Towel Bear Cotton Wash Cloth Hand 4pcs | B111: KSh 1,190 | C111: KSh 1,810 | D111: 0.34
A112: Shower Nozzle Cleaning Unclogging Needle Mini Crevice Small Hole Cleaning Brush | B112: KSh 1,658 | C112: KSh 1,699 | D112: 0.02
A113: Thickening Multipurpose Non Stick Easy To Clean Heat Resistant Spoon Pad | B113: KSh 1,768 | C113: KSh 1,799 | D113: 0.02
A114: 6 In 1 Bottle Can Opener Multifunctional Easy Opener | B114: KSh 199 | C114: KSh 553 | D114: 0.64
A115: Wall-mounted Sticker Punch-free Plug Fixer | B115: KSh 450 | C115: KSh 900 | D115: 0.5 | E115: -1 | F115: 2 out of 5
A116: Black Simple Water Cup Wine Coaster Anti Slip Absorbent | B116: KSh 169 | C116: KSh 320 | D116: 0.47

Sheet Top_Rating
A3: Row Labels | B3: Average of Rating
A4: 40cm Gold DIY Acrylic Wall Sticker Clock | B4: 4.8
A5: Anti-Skid Absorbent Insulation Coaster For Home Office | B5: 5
A6: Bedroom Simple Floor Hanging Clothes Rack Single Pole Hat Rack - White | B6: 5
A7: Classic Black Cat Cotton Hemp Pillow Case For Home Car | B7: 5
A8: DIY File Folder, Office Drawer File Holder, Pen Holder, Desktop Storage Rack | B8: 5
A9: Konka Healty Electric Kettle, 24-hour Heat Preservation,1.5L,800W, White | B9: 5
A10: LASA Aluminum Folding Truck Hand Cart - 68kg Max | B10: 5
A11: LASA FOLDING TABLE SERVING STAND | B11: 4.8
A12: Peacock Throw Pillow Cushion Case For Home Car | B12: 5
A13: Portable Home Small Air Humidifier 3-Speed Fan - Green | B13: 4.8
A14: Grand Total | B14: 4.94

Sheet Top_Reviews
A3: Row Labels | B3: Sum of Review
A4: 100 Pcs Crochet Hook Tool Set Knitting Hook Set With Box | B4: 39
A5: 120W Cordless Vacuum Cleaners Handheld Electric Vacuum Cleaner | B5: 69
A6: 137 Pieces Cake Decorating Tool Set Baking Supplies | B6: 55
A7: 3D Waterproof EVA Plastic Shower Curtain 1.8*2Mtrs | B7: 44
A8: 52 Pieces Cake Decorating Tool Set Gift Kit Baking Supplies | B8: 20
A9: 53 Pieces/Set Yarn Knitting Crochet Hooks With Bag - Pansies | B9: 32
A10: 53Pcs/Set Yarn Knitting Crochet Hooks With Bag - Fortune Cat | B10: 20
A11: Electronic Digital Display Vernier Caliper | B11: 49
A12: Portable Mini Cordless Car Vacuum Cleaner - Blue | B12: 24
A13: Punch-free Great Load Bearing Bathroom Storage Rack Wall Shelf-White | B13: 36
A14: Grand Total | B14: 388

Sheet Top_Discount
A3: Row Labels | B3: Average of Discount
A4: 3PCS Single Head Knitting Crochet Sweater Needle Set | B4: 0.53
A5: 5-PCS Stainless Steel Cooking Pot Set With Steamed Slices | B5: 0.55
A6: 6 In 1 Bottle Can Opener Multifunctional Easy Opener | B6: 0.64
A7: Classic Black Cat Cotton Hemp Pillow Case For Home Car | B7: 0.53
A8: Creative Owl Shape Keychain Black | B8: 0.55
A9: Exfoliate And Exfoliate Face Towel - Black | B9: 0.52
A10: Intelligent LED Body Sensor Wireless Lighting Night Light USB | B10: 0.52
A11: LASA 3 Tier Bamboo Shoe Bench Storage Shelf | B11: 0.54
A12: LASA FOLDING TABLE SERVING STAND | B12: 0.55
A13: Mythco 120COB Solar Wall Ligt With Motion Sensor And Remote Control 3 Modes | B13: 0.54
A14: Grand Total | B14: 0.54727273

Sheet Discount_vs_Reviews
A3: Row Labels | B3: Average of Review
A4: Medium Discount | B4: 15.909091
A5: High Discount | B5: 10.806452
A6: Low Discount | B6: 9.5
A7: Grand Total | B7: 12.684211

Sheet Rating_vs_Reviews
A3: Row Labels | B3: Average of Review
A4: Average | B4: 7.6666667
A5: Excellent | B5: 13.472222
A6: Not Rated
A7: Poor | B7: 14.083333
A8: Grand Total | B8: 12.684211

Sheet Price_vs_Rating
A3: Row Labels | B3: Average of Rating
A4: High | B4: 4.1130435
A5: Low | B5: 3.5307692
A6: Medium | B6: 3.8526316
A7: Premium | B7: 4
A8: Grand Total | B8: 3.8894737

Sheet Rating_category
A3: Row Labels | B3: Count of Product
A4: Average | B4: 9
A5: Excellent | B5: 36
A6: Not Rated | B6: 55
A7: Poor | B7: 12
A8: Grand Total | B8: 112

Sheet Discount_Category
A3: Row Labels | B3: Count of Product
A4: Medium Discount | B4: 31
A5: High Discount | B5: 63
A6: Low Discount | B6: 18
A7: Grand Total | B7: 112

Sheet Cleaned_data
A1: Product | B1: Current price | C1: Old prices | D1: Discount_price | E1: Discount | F1: Review | G1: Rating | H1: Review_Category | I1: Rating_category | J1: Discount_caategory | K1: price_category
A2: 115 Piece Set Of Multifunctional Precision Screwdrivers | B2: 950 | C2: 1525 | D2: 575 | E2: 0.38 | F2: 2 | G2: 4.5 | H2: =IF(F2="","No reviews",IF(F2>=20,"High",IF(F2>=5,"Medium","Low"))) -> Low | I2: =IF(G2="","Not Rated",IF(G2<3,"Poor",IF(G2<4,"Average","Excellent"))) -> Excellent | J2: =IF(E2<0.2,"Low Discount",IF(E2<0.4,"Medium Discount","High Discount")) -> Medium Discount | K2: =IF(B2<500,"Low",IF(B2<1500,"Medium",IF(B2<3000,"High","Premium"))) -> Medium
A3: Metal Decorative Hooks Key Hangers Entryway Wall Hooks Towel Hooks - Home | B3: 527 | C3: 999 | D3: 472 | E3: 0.47 | F3: 14 | G3: 4.1 | H3: =IF(F3="","No reviews",IF(F3>=20,"High",IF(F3>=5,"Medium","Low"))) -> Medium | I3: =IF(G3="","Not Rated",IF(G3<3,"Poor",IF(G3<4,"Average","Excellent"))) -> Excellent | J3: =IF(E3<0.2,"Low Discount",IF(E3<0.4,"Medium Discount","High Discount")) -> High Discount | K3: =IF(B3<500,"Low",IF(B3<1500,"Medium",IF(B3<3000,"High","Premium"))) -> Medium
A4: Portable Mini Cordless Car Vacuum Cleaner - Blue | B4: 2199 | C4: 2923 | D4: 724 | E4: 0.25 | F4: 24 | G4: 4.6 | H4: =IF(F4="","No reviews",IF(F4>=20,"High",IF(F4>=5,"Medium","Low"))) -> High | I4: =IF(G4="","Not Rated",IF(G4<3,"Poor",IF(G4<4,"Average","Excellent"))) -> Excellent | J4: =IF(E4<0.2,"Low Discount",IF(E4<0.4,"Medium Discount","High Discount")) -> Medium Discount | K4: =IF(B4<500,"Low",IF(B4<1500,"Medium",IF(B4<3000,"High","Premium"))) -> High
A5: Weighing Scale Digital Bathroom Body Fat Scale USB-Black | B5: 1580 | C5: 2499 | D5: 919 | E5: 0.37 | F5: 7 | G5: 4.7 | H5: =IF(F5="","No reviews",IF(F5>=20,"High",IF(F5>=5,"Medium","Low"))) -> Medium | I5: =IF(G5="","Not Rated",IF(G5<3,"Poor",IF(G5<4,"Average","Excellent"))) -> Excellent | J5: =IF(E5<0.2,"Low Discount",IF(E5<0.4,"Medium Discount","High Discount")) -> Medium Discount | K5: =IF(B5<500,"Low",IF(B5<1500,"Medium",IF(B5<3000,"High","Premium"))) -> High
A6: Portable Home Small Air Humidifier 3-Speed Fan - Green | B6: 1740 | C6: 2356 | D6: 616 | E6: 0.26 | F6: 5 | G6: 4.8 | H6: =IF(F6="","No reviews",IF(F6>=20,"High",IF(F6>=5,"Medium","Low"))) -> Medium | I6: =IF(G6="","Not Rated",IF(G6<3,"Poor",IF(G6<4,"Average","Excellent"))) -> Excellent | J6: =IF(E6<0.2,"Low Discount",IF(E6<0.4,"Medium Discount","High Discount")) -> Medium Discount | K6: =IF(B6<500,"Low",IF(B6<1500,"Medium",IF(B6<3000,"High","Premium"))) -> High
A7: 220V 60W Electric Soldering Iron Kits With Tools, Tips, And Multimeter | B7: 2999 | C7: 3290 | D7: 291 | E7: 0.09 | F7: 15 | G7: 4 | H7: =IF(F7="","No reviews",IF(F7>=20,"High",IF(F7>=5,"Medium","Low"))) -> Medium | I7: =IF(G7="","Not Rated",IF(G7<3,"Poor",IF(G7<4,"Average","Excellent"))) -> Excellent | J7: =IF(E7<0.2,"Low Discount",IF(E7<0.4,"Medium Discount","High Discount")) -> Low Discount | K7: =IF(B7<500,"Low",IF(B7<1500,"Medium",IF(B7<3000,"High","Premium"))) -> High
A8: 137 Pieces Cake Decorating Tool Set Baking Supplies | B8: 2319 | C8: 3032 | D8: 713 | E8: 0.24 | F8: 55 | G8: 4.6 | H8: =IF(F8="","No reviews",IF(F8>=20,"High",IF(F8>=5,"Medium","Low"))) -> High | I8: =IF(G8="","Not Rated",IF(G8<3,"Poor",IF(G8<4,"Average","Excellent"))) -> Excellent | J8: =IF(E8<0.2,"Low Discount",IF(E8<0.4,"Medium Discount","High Discount")) -> Medium Discount | K8: =IF(B8<500,"Low",IF(B8<1500,"Medium",IF(B8<3000,"High","Premium"))) -> High
A9: Desk Foldable Fan Adjustable Fan Strong Wind 3 Gear Usb | B9: 988 | C9: 1580 | D9: 592 | E9: 0.37 | F9: 2 | G9: 4 | H9: =IF(F9="","No reviews",IF(F9>=20,"High",IF(F9>=5,"Medium","Low"))) -> Low | I9: =IF(G9="","Not Rated",IF(G9<3,"Poor",IF(G9<4,"Average","Excellent"))) -> Excellent | J9: =IF(E9<0.2,"Low Discount",IF(E9<0.4,"Medium Discount","High Discount")) -> Medium Discount | K9: =IF(B9<500,"Low",IF(B9<1500,"Medium",IF(B9<3000,"High","Premium"))) -> Medium
A10: LASA FOLDING TABLE SERVING STAND | B10: 1274 | C10: 2800 | D10: 1526 | E10: 0.55 | F10: 5 | G10: 4.8 | H10: =IF(F10="","No reviews",IF(F10>=20,"High",IF(F10>=5,"Medium","Low"))) -> Medium | I10: =IF(G10="","Not Rated",IF(G10<3,"Poor",IF(G10<4,"Average","Excellent"))) -> Excellent | J10: =IF(E10<0.2,"Low Discount",IF(E10<0.4,"Medium Discount","High Discount")) -> High Discount | K10: =IF(B10<500,"Low",IF(B10<1500,"Medium",IF(B10<3000,"High","Premium"))) -> Medium
A11: 13 In 1 Home Repair Tools Box Kit Set | B11: 1600 | C11: 2929 | D11: 1329 | E11: 0.45 | F11: 5 | G11: 3.8 | H11: =IF(F11="","No reviews",IF(F11>=20,"High",IF(F11>=5,"Medium","Low"))) -> Medium | I11: =IF(G11="","Not Rated",IF(G11<3,"Poor",IF(G11<4,"Average","Excellent"))) -> Average | J11: =IF(E11<0.2,"Low Discount",IF(E11<0.4,"Medium Discount","High Discount")) -> High Discount | K11: =IF(B11<500,"Low",IF(B11<1500,"Medium",IF(B11<3000,"High","Premium"))) -> High
A12: Genebre 115 In 1 Screwdriver Repairing Tool Set For IPhone Cellphone Hand Tool | B12: 799 | C12: 999 | D12: 200 | E12: 0.2 | F12: 12 | G12: 4.1 | H12: =IF(F12="","No reviews",IF(F12>=20,"High",IF(F12>=5,"Medium","Low"))) -> Medium | I12: =IF(G12="","Not Rated",IF(G12<3,"Poor",IF(G12<4,"Average","Excellent"))) -> Excellent | J12: =IF(E12<0.2,"Low Discount",IF(E12<0.4,"Medium Discount","High Discount")) -> Medium Discount | K12: =IF(B12<500,"Low",IF(B12<1500,"Medium",IF(B12<3000,"High","Premium"))) -> Medium
A13: 100 Pcs Crochet Hook Tool Set Knitting Hook Set With Box | B13: 990 | C13: 1500 | D13: 510 | E13: 0.34 | F13: 39 | G13: 4.7 | H13: =IF(F13="","No reviews",IF(F13>=20,"High",IF(F13>=5,"Medium","Low"))) -> High | I13: =IF(G13="","Not Rated",IF(G13<3,"Poor",IF(G13<4,"Average","Excellent"))) -> Excellent | J13: =IF(E13<0.2,"Low Discount",IF(E13<0.4,"Medium Discount","High Discount")) -> Medium Discount | K13: =IF(B13<500,"Low",IF(B13<1500,"Medium",IF(B13<3000,"High","Premium"))) -> Medium
... A22: 3PCS Single Head Knitting Crochet Sweater Needle Set | B22: 38 | C22: 80 | D22: 42 | E22: 0.53 | F22: 13 | G22: 3.3 | H22: =IF(F22="","No reviews",IF(F22>=20,"High",IF(F22>=5,"Medium","Low"))) -> Medium | I22: =IF(G22="","Not Rated",IF(G22<3,"Poor",IF(G22<4,"Average","Excellent"))) -> Average | J22: =IF(E22<0.2,"Low Discount",IF(E22<0.4,"Medium Discount","High Discount")) -> High Discount | K22: =IF(B22<500,"Low",IF(B22<1500,"Medium",IF(B22<3000,"High","Premium"))) -> Low
A23: 4pcs Bathroom/Kitchen Towel Rack,Roll Paper Holder,Towel Bars,Hook | B23: 1860 | C23: 3220 | D23: 1360 | E23: 0.42 | H23: =IF(F23="","No reviews",IF(F23>=20,"High",IF(F23>=5,"Medium","Low"))) -> No reviews | I23: =IF(G23="","Not Rated",IF(G23<3,"Poor",IF(G23<4,"Average","Excellent"))) -> Not Rated | J23: =IF(E23<0.2,"Low Discount",IF(E23<0.4,"Medium Discount","High Discount")) -> High Discount | K23: =IF(B23<500,"Low",IF(B23<1500,"Medium",IF(B23<3000,"High","Premium"))) -> High
A24: LED Romantic Spaceship Starry Sky Projector,Children's Bedroom Night Light-Blue | B24: 880 | C24: 1350 | D24: 470 | E24: 0.35 | F24: 6 | G24: 4 | H24: =IF(F24="","No reviews",IF(F24>=20,"High",IF(F24>=5,"Medium","Low"))) -> Medium | I24: =IF(G24="","Not Rated",IF(G24<3,"Poor",IF(G24<4,"Average","Excellent"))) -> Excellent | J24: =IF(E24<0.2,"Low Discount",IF(E24<0.4,"Medium Discount","High Discount")) -> Medium Discount | K24: =IF(B24<500,"Low",IF(B24<1500,"Medium",IF(B24<3000,"High","Premium"))) -> Medium
A25: Foldable Overbed Table/Desk | B25: 1650 | C25: 2150 | D25: 500 | E25: 0.23 | F25: 14 | G25: 4.4 | H25: =IF(F25="","No reviews",IF(F25>=20,"High",IF(F25>=5,"Medium","Low"))) -> Medium | I25: =IF(G25="","Not Rated",IF(G25<3,"Poor",IF(G25<4,"Average","Excellent"))) -> Excellent | J25: =IF(E25<0.2,"Low Discount",IF(E25<0.4,"Medium Discount","High Discount")) -> Medium Discount | K25: =IF(B25<500,"Low",IF(B25<1500,"Medium",IF(B25<3000,"High","Premium"))) -> High
A26: LASA 3 Tier Bamboo Shoe Bench Storage Shelf | B26: 2048 | C26: 4500 | D26: 2452 | E26: 0.54 | F26: 7 | G26: 4.3 | H26: =IF(F26="","No reviews",IF(F26>=20,"High",IF(F26>=5,"Medium","Low"))) -> Medium | I26: =IF(G26="","Not Rated",IF(G26<3,"Poor",IF(G26<4,"Average","Excellent"))) -> Excellent | J26: =IF(E26<0.2,"Low Discount",IF(E26<0.4,"Medium Discount","High Discount")) -> High Discount | K26: =IF(B26<500,"Low",IF(B26<1500,"Medium",IF(B26<3000,"High","Premium"))) -> High
A27: Electronic Digital Display Vernier Caliper | B27: 420 | C27: 647 | D27: 227 | E27: 0.35 | F27: 49 | G27: 4.6 | H27: =IF(F27="","No reviews",IF(F27>=20,"High",IF(F27>=5,"Medium","Low"))) -> High | I27: =IF(G27="","Not Rated",IF(G27<3,"Poor",IF(G27<4,"Average","Excellent"))) -> Excellent | J27: =IF(E27<0.2,"Low Discount",IF(E27<0.4,"Medium Discount","High Discount")) -> Medium Discount | K27: =IF(B27<500,"Low",IF(B27<1500,"Medium",IF(B27<3000,"High","Premium"))) -> Low
A28: Portable Wardrobe Nonwoven With 3 Hanging Rods And 6 Storage Shelves | B28: 2880 | C28: 3520 | D28: 640 | E28: 0.18 | F28: 12 | G28: 3.8 | H28: =IF(F28="","No reviews",IF(F28>=20,"High",IF(F28>=5,"Medium","Low"))) -> Medium | I28: =IF(G28="","Not Rated",IF(G28<3,"Poor",IF(G28<4,"Average","Excellent"))) -> Average | J28: =IF(E28<0.2,"Low Discount",IF(E28<0.4,"Medium Discount","High Discount")) -> Low Discount | K28: =IF(B28<500,"Low",IF(B28<1500,"Medium",IF(B28<3000,"High","Premium"))) -> High
A29: 12 Litre Black Insulated Lunch Box | B29: 1350 | C29: 1990 | D29: 640 | E29: 0.32 | F29: 13 | G29: 3.8 | H29: =IF(F29="","No reviews",IF(F29>=20,"High",IF(F29>=5,"Medium","Low"))) -> Medium | I29: =IF(G29="","Not Rated",IF(G29<3,"Poor",IF(G29<4,"Average","Excellent"))) -> Average | J29: =IF(E29<0.2,"Low Discount",IF(E29<0.4,"Medium Discount","High Discount")) -> Medium Discount | K29: =IF(B29<500,"Low",IF(B29<1500,"Medium",IF(B29<3000,"High","Premium"))) -> Medium
A30: 52 Pieces Cake Decorating Tool Set Gift Kit Baking Supplies | B30: 1758 | C30: 2499 | D30: 741 | E30: 0.3 | F30: 20 | G30: 4.1 | H30: =IF(F30="","No reviews",IF(F30>=20,"High",IF(F30>=5,"Medium","Low"))) -> High | I30: =IF(G30="","Not Rated",IF(G30<3,"Poor",IF(G30<4,"Average","Excellent"))) -> Excellent | J30: =IF(E30<0.2,"Low Discount",IF(E30<0.4,"Medium Discount","High Discount")) -> Medium Discount | K30: =IF(B30<500,"Low",IF(B30<1500,"Medium",IF(B30<3000,"High","Premium"))) -> High
A31: MultiFunctional Storage Rack Multi-layer Bookshelf | B31: 2200 | C31: 4080 | D31: 1880 | E31: 0.46 | H31: =IF(F31="","No reviews",IF(F31>=20,"High",IF(F31>=5,"Medium","Low"))) -> No reviews | I31: =IF(G31="","Not Rated",IF(G31<3,"Poor",IF(G31<4,"Average","Excellent"))) -> Not Rated | J31: =IF(E31<0.2,"Low Discount",IF(E31<0.4,"Medium Discount","High Discount")) -> High Discount | K31: =IF(B31<500,"Low",IF(B31<1500,"Medium",IF(B31<3000,"High","Premium"))) -> High
A32: Exfoliate And Exfoliate Face Towel - Black | B32: 185 | C32: 382 | D32: 197 | E32: 0.52 | F32: 9 | G32: 4.3 | H32: =IF(F32="","No reviews",IF(F32>=20,"High",IF(F32>=5,"Medium","Low"))) -> Medium | I32: =IF(G32="","Not Rated",IF(G32<3,"Poor",IF(G32<4,"Average","Excellent"))) -> Excellent | J32: =IF(E32<0.2,"Low Discount",IF(E32<0.4,"Medium Discount","High Discount")) -> High Discount | K32: =IF(B32<500,"Low",IF(B32<1500,"Medium",IF(B32<3000,"High","Premium"))) -> Low
A33: 12 Litre Insulated Lunch Box Grey | B33: 980 | C33: 1490 | D33: 510 | E33: 0.34 | F33: 12 | G33: 4.7 | H33: =IF(F33="","No reviews",IF(F33>=20,"High",IF(F33>=5,"Medium","Low"))) -> Medium | I33: =IF(G33="","Not Rated",IF(G33<3,"Poor",IF(G33<4,"Average","Excellent"))) -> Excellent | J33: =IF(E33<0.2,"Low Discount",IF(E33<0.4,"Medium Discount","High Discount")) -> Medium Discount | K33: =IF(B33<500,"Low",IF(B33<1500,"Medium",IF(B33<3000,"High","Premium"))) -> Medium
A34: LED Eye Protection Desk Lamp , Study, Reading, USB Fan - Double Pen Holder | B34: 1820 | C34: 3490 | D34: 1670 | E34: 0.48 | F34: 9 | G34: 4.3 | H34: =IF(F34="","No reviews",IF(F34>=20,"High",IF(F34>=5,"Medium","Low"))) -> Medium | I34: =IF(G34="","Not Rated",IF(G34<3,"Poor",IF(G34<4,"Average","Excellent"))) -> Excellent | J34: =IF(E34<0.2,"Low Discount",IF(E34<0.4,"Medium Discount","High Discount")) -> High Discount | K34: =IF(B34<500,"Low",IF(B34<1500,"Medium",IF(B34<3000,"High","Premium"))) -> High
A35: 53Pcs/Set Yarn Knitting Crochet Hooks With Bag - Fortune Cat | B35: 1940 | C35: 2650 | D35: 710 | E35: 0.27 | F35: 20 | G35: 4.7 | H35: =IF(F35="","No reviews",IF(F35>=20,"High",IF(F35>=5,"Medium","Low"))) -> High | I35: =IF(G35="","Not Rated",IF(G35<3,"Poor",IF(G35<4,"Average","Excellent"))) -> Excellent | J35: =IF(E35<0.2,"Low Discount",IF(E35<0.4,"Medium Discount","High Discount")) -> Medium Discount | K35: =IF(B35<500,"Low",IF(B35<1500,"Medium",IF(B35<3000,"High","Premium"))) -> High
A36: 53 Pieces/Set Yarn Knitting Crochet Hooks With Bag - Pansies | B36: 1980 | C36: 2699 | D36: 719 | E36: 0.27 | F36: 32 | G36: 4.5 | H36: =IF(F36="","No reviews",IF(F36>=20,"High",IF(F36>=5,"Medium","Low"))) -> High | I36: =IF(G36="","Not Rated",IF(G36<3,"Poor",IF(G36<4,"Average","Excellent"))) -> Excellent | J36: =IF(E36<0.2,"Low Discount",IF(E36<0.4,"Medium Discount","High Discount")) -> Medium Discount | K36: =IF(B36<500,"Low",IF(B36<1500,"Medium",IF(B36<3000,"High","Premium"))) -> High
A37: DIY File Folder, Office Drawer File Holder, Pen Holder, Desktop Storage Rack | B37: 1620 | C37: 2690 | D37: 1070 | E37: 0.4 | F37: 1 | G37: 5 | H37: =IF(F37="","No reviews",IF(F37>=20,"High",IF(F37>=5,"Medium","Low"))) -> Low | I37: =IF(G37="","Not Rated",IF(G37<3,"Poor",IF(G37<4,"Average","Excellent"))) -> Excellent | J37: =IF(E37<0.2,"Low Discount",IF(E37<0.4,"Medium Discount","High Discount")) -> High Discount | K37: =IF(B37<500,"Low",IF(B37<1500,"Medium",IF(B37<3000,"High","Premium"))) -> High
A38: Classic Black Cat Cotton Hemp Pillow Case For Home Car | B38: 1800 | C38: 360 | D38: -1440 | E38: 0.53 | F38: 2 | G38: 5 | H38: =IF(F38="","No reviews",IF(F38>=20,"High",IF(F38>=5,"Medium","Low"))) -> Low | I38: =IF(G38="","Not Rated",IF(G38<3,"Poor",IF(G38<4,"Average","Excellent"))) -> Excellent | J38: =IF(E38<0.2,"Low Discount",IF(E38<0.4,"Medium Discount","High Discount")) -> High Discount | K38: =IF(B38<500,"Low",IF(B38<1500,"Medium",IF(B38<3000,"High","Premium"))) -> High
A39: Punch-free Great Load Bearing Bathroom Storage Rack Wall Shelf-White | B39: 389 | C39: 656 | D39: 267 | E39: 0.41 | F39: 36 | G39: 4.3 | H39: =IF(F39="","No reviews",IF(F39>=20,"High",IF(F39>=5,"Medium","Low"))) -> High | I39: =IF(G39="","Not Rated",IF(G39<3,"Poor",IF(G39<4,"Average","Excellent"))) -> Excellent | J39: =IF(E39<0.2,"Low Discount",IF(E39<0.4,"Medium Discount","High Discount")) -> High Discount | K39: =IF(B39<500,"Low",IF(B39<1500,"Medium",IF(B39<3000,"High","Premium"))) -> Low
A40: 1/2/3 Seater Elastic Sofa Cover,Living Room/Home Decor Chair Cover-Grey | B40: 1800 | C40: 2700 | D40: 900 | E40: 0.38 | F40: 2 | G40: 4.5 | H40: =IF(F40="","No reviews",IF(F40>=20,"High",IF(F40>=5,"Medium","Low"))) -> Low | I40: =IF(G40="","Not Rated",IF(G40<3,"Poor",IF(G40<4,"Average","Excellent"))) -> Excellent | J40: =IF(E40<0.2,"Low Discount",IF(E40<0.4,"Medium Discount","High Discount")) -> Medium Discount | K40: =IF(B40<500,"Low",IF(B40<1500,"Medium",IF(B40<3000,"High","Premium"))) -> High
A41: LASA Stainless Steel Double Wall Mount Soap Dispenser - 500ml | B41: 2750 | C41: 4471 | D41: 1721 | E41: 0.38 | H41: =IF(F41="","No reviews",IF(F41>=20,"High",IF(F41>=5,"Medium","Low"))) -> No reviews | I41: =IF(G41="","Not Rated",IF(G41<3,"Poor",IF(G41<4,"Average","Excellent"))) -> Not Rated | J41: =IF(E41<0.2,"Low Discount",IF(E41<0.4,"Medium Discount","High Discount")) -> Medium Discount | K41: =IF(B41<500,"Low",IF(B41<1500,"Medium",IF(B41<3000,"High","Premium"))) -> High
A42: 4M Float Switch Water Level Controller -Water Tank | B42: 475 | C42: 931 | D42: 456 | E42: 0.49 | H42: =IF(F42="","No reviews",IF(F42>=20,"High",IF(F42>=5,"Medium","Low"))) -> No reviews | I42: =IF(G42="","Not Rated",IF(G42<3,"Poor",IF(G42<4,"Average","Excellent"))) -> Not Rated | J42: =IF(E42<0.2,"Low Discount",IF(E42<0.4,"Medium Discount","High Discount")) -> High Discount | K42: =IF(B42<500,"Low",IF(B42<1500,"Medium",IF(B42<3000,"High","Premium"))) -> Low
A43: Modern Sofa Throw Pillow Cover-45x45cm-Blue&Red | B43: 238 | C43: 476 | D43: 238 | E43: 0.5 | H43: =IF(F43="","No reviews",IF(F43>=20,"High",IF(F43>=5,"Medium","Low"))) -> No reviews | I43: =IF(G43="","Not Rated",IF(G43<3,"Poor",IF(G43<4,"Average","Excellent"))) -> Not Rated | J43: =IF(E43<0.2,"Low Discount",IF(E43<0.4,"Medium Discount","High Discount")) -> High Discount | K43: =IF(B43<500,"Low",IF(B43<1500,"Medium",IF(B43<3000,"High","Premium"))) -> Low
A44: Balloon Insert, Birthday Party Balloon Set, PU Leather | B44: 610 | C44: 1060 | D44: 450 | E44: 0.42 | H44: =IF(F44="","No reviews",IF(F44>=20,"High",IF(F44>=5,"Medium","Low"))) -> No reviews | I44: =IF(G44="","Not Rated",IF(G44<3,"Poor",IF(G44<4,"Average","Excellent"))) -> Not Rated | J44: =IF(E44<0.2,"Low Discount",IF(E44<0.4,"Medium Discount","High Discount")) -> High Discount | K44: =IF(B44<500,"Low",IF(B44<1500,"Medium",IF(B44<3000,"High","Premium"))) -> Medium
A45: Shower Cap Wide Elastic Band Cover Reusable Bashroom Cap | B45: 2132 | C45: 2169 | D45: 37 | E45: 0.02 | H45: =IF(F45="","No reviews",IF(F45>=20,"High",IF(F45>=5,"Medium","Low"))) -> No reviews | I45: =IF(G45="","Not Rated",IF(G45<3,"Poor",IF(G45<4,"Average","Excellent"))) -> Not Rated | J45: =IF(E45<0.2,"Low Discount",IF(E45<0.4,"Medium Discount","High Discount")) -> Low Discount | K45: =IF(B45<500,"Low",IF(B45<1500,"Medium",IF(B45<3000,"High","Premium"))) -> High
A46: Christmas Elk Fence Yard Lawn Decorations Cute For Holidays | B46: 999 | C46: 2000 | D46: 1001 | E46: 0.5 | H46: =IF(F46="","No reviews",IF(F46>=20,"High",IF(F46>=5,"Medium","Low"))) -> No reviews | I46: =IF(G46="","Not Rated",IF(G46<3,"Poor",IF(G46<4,"Average","Excellent"))) -> Not Rated | J46: =IF(E46<0.2,"Low Discount",IF(E46<0.4,"Medium Discount","High Discount")) -> High Discount | K46: =IF(B46<500,"Low",IF(B46<1500,"Medium",IF(B46<3000,"High","Premium"))) -> Medium
A47: 60W Hot Melt Glue Sprayer - Efficient And Stable Glue Dispensing | B47: 1190 | C47: 1785 | D47: 595 | E47: 0.33 | H47: =IF(F47="","No reviews",IF(F47>=20,"High",IF(F47>=5,"Medium","Low"))) -> No reviews | I47: =IF(G47="","Not Rated",IF(G47<3,"Poor",IF(G47<4,"Average","Excellent"))) -> Not Rated | J47: =IF(E47<0.2,"Low Discount",IF(E47<0.4,"Medium Discount","High Discount")) -> Medium Discount | K47: =IF(B47<500,"Low",IF(B47<1500,"Medium",IF(B47<3000,"High","Premium"))) -> Medium
A48: Car Phone Charging Stand | B48: 671 | C48: 1316 | D48: 645 | E48: 0.49 | H48: =IF(F48="","No reviews",IF(F48>=20,"High",IF(F48>=5,"Medium","Low"))) -> No reviews | I48: =IF(G48="","Not Rated",IF(G48<3,"Poor",IF(G48<4,"Average","Excellent"))) -> Not Rated | J48: =IF(E48<0.2,"Low Discount",IF(E48<0.4,"Medium Discount","High Discount")) -> High Discount | K48: =IF(B48<500,"Low",IF(B48<1500,"Medium",IF(B48<3000,"High","Premium"))) -> Medium
A49: 2pcs Solar Street Light Flood Light Outdoor | B49: 1200 | C49: 1950 | D49: 750 | E49: 0.38 | H49: =IF(F49="","No reviews",IF(F49>=20,"High",IF(F49>=5,"Medium","Low"))) -> No reviews | I49: =IF(G49="","Not Rated",IF(G49<3,"Poor",IF(G49<4,"Average","Excellent"))) -> Not Rated | J49: =IF(E49<0.2,"Low Discount",IF(E49<0.4,"Medium Discount","High Discount")) -> Medium Discount | K49: =IF(B49<500,"Low",IF(B49<1500,"Medium",IF(B49<3000,"High","Premium"))) -> Medium
A50: Creative Owl Shape Keychain Black | B50: 199 | C50: 504 | D50: 305 | E50: 0.61 | H50: =IF(F50="","No reviews",IF(F50>=20,"High",IF(F50>=5,"Medium","Low"))) -> No reviews | I50: =IF(G50="","Not Rated",IF(G50<3,"Poor",IF(G50<4,"Average","Excellent"))) -> Not Rated | J50: =IF(E50<0.2,"Low Discount",IF(E50<0.4,"Medium Discount","High Discount")) -> High Discount | K50: =IF(B50<500,"Low",IF(B50<1500,"Medium",IF(B50<3000,"High","Premium"))) -> Low
A51: Brush & Paintbrush Cleaning Tool Pink | B51: 299 | C51: 600 | D51: 301 | E51: 0.5 | H51: =IF(F51="","No reviews",IF(F51>=20,"High",IF(F51>=5,"Medium","Low"))) -> No reviews | I51: =IF(G51="","Not Rated",IF(G51<3,"Poor",IF(G51<4,"Average","Excellent"))) -> Not Rated | J51: =IF(E51<0.2,"Low Discount",IF(E51<0.4,"Medium Discount","High Discount")) -> High Discount | K51: =IF(B51<500,"Low",IF(B51<1500,"Medium",IF(B51<3000,"High","Premium"))) -> Low
A52: Pen Grips For Kids Pen Grip Posture Correction Tool For Kids | B52: 1660 | C52: 1699 | D52: 39 | E52: 0.02 | H52: =IF(F52="","No reviews",IF(F52>=20,"High",IF(F52>=5,"Medium","Low"))) -> No reviews | I52: =IF(G52="","Not Rated",IF(G52<3,"Poor",IF(G52<4,"Average","Excellent"))) -> Not Rated | J52: =IF(E52<0.2,"Low Discount",IF(E52<0.4,"Medium Discount","High Discount")) -> Low Discount | K52: =IF(B52<500,"Low",IF(B52<1500,"Medium",IF(B52<3000,"High","Premium"))) -> High
... A60: Simple Metal Dog Art Sculpture Decoration For Home Office | B60: 399 | C60: 896 | D60: 497 | E60: 0.55 | H60: =IF(F60="","No reviews",IF(F60>=20,"High",IF(F60>=5,"Medium","Low"))) -> No reviews | I60: =IF(G60="","Not Rated",IF(G60<3,"Poor",IF(G60<4,"Average","Excellent"))) -> Not Rated | J60: =IF(E60<0.2,"Low Discount",IF(E60<0.4,"Medium Discount","High Discount")) -> High Discount | K60: =IF(B60<500,"Low",IF(B60<1500,"Medium",IF(B60<3000,"High","Premium"))) -> Low
A61: 5 Pieces/set Of Stainless Steel Induction Cooker Pots | B61: 2170 | C61: 2500 | D61: 330 | E61: 0.13 | F61: 6 | G61: 2.5 | H61: =IF(F61="","No reviews",IF(F61>=20,"High",IF(F61>=5,"Medium","Low"))) -> Medium | I61: =IF(G61="","Not Rated",IF(G61<3,"Poor",IF(G61<4,"Average","Excellent"))) -> Poor | J61: =IF(E61<0.2,"Low Discount",IF(E61<0.4,"Medium Discount","High Discount")) -> Low Discount | K61: =IF(B61<500,"Low",IF(B61<1500,"Medium",IF(B61<3000,"High","Premium"))) -> High
A62: Mythco 120COB Solar Wall Ligt With Motion Sensor And Remote Control 3 Modes | B62: 458 | C62: 986 | D62: 528 | E62: 0.54 | F62: 10 | G62: 3 | H62: =IF(F62="","No reviews",IF(F62>=20,"High",IF(F62>=5,"Medium","Low"))) -> Medium | I62: =IF(G62="","Not Rated",IF(G62<3,"Poor",IF(G62<4,"Average","Excellent"))) -> Average | J62: =IF(E62<0.2,"Low Discount",IF(E62<0.4,"Medium Discount","High Discount")) -> High Discount | K62: =IF(B62<500,"Low",IF(B62<1500,"Medium",IF(B62<3000,"High","Premium"))) -> Low
A63: 5-PCS Stainless Steel Cooking Pot Set With Steamed Slices | B63: 2115 | C63: 4700 | D63: 2585 | E63: 0.55 | F63: 13 | G63: 2.1 | H63: =IF(F63="","No reviews",IF(F63>=20,"High",IF(F63>=5,"Medium","Low"))) -> Medium | I63: =IF(G63="","Not Rated",IF(G63<3,"Poor",IF(G63<4,"Average","Excellent"))) -> Poor | J63: =IF(E63<0.2,"Low Discount",IF(E63<0.4,"Medium Discount","High Discount")) -> High Discount | K63: =IF(B63<500,"Low",IF(B63<1500,"Medium",IF(B63<3000,"High","Premium"))) -> High
A64: 120W Cordless Vacuum Cleaners Handheld Electric Vacuum Cleaner | B64: 445 | C64: 873 | D64: 428 | E64: 0.49 | F64: 69 | G64: 2.8 | H64: =IF(F64="","No reviews",IF(F64>=20,"High",IF(F64>=5,"Medium","Low"))) -> High | I64: =IF(G64="","Not Rated",IF(G64<3,"Poor",IF(G64<4,"Average","Excellent"))) -> Poor | J64: =IF(E64<0.2,"Low Discount",IF(E64<0.4,"Medium Discount","High Discount")) -> High Discount | K64: =IF(B64<500,"Low",IF(B64<1500,"Medium",IF(B64<3000,"High","Premium"))) -> Low
A65: Intelligent LED Body Sensor Wireless Lighting Night Light USB | B65: 325 | C65: 680 | D65: 355 | E65: 0.52 | F65: 15 | G65: 2.7 | H65: =IF(F65="","No reviews",IF(F65>=20,"High",IF(F65>=5,"Medium","Low"))) -> Medium | I65: =IF(G65="","Not Rated",IF(G65<3,"Poor",IF(G65<4,"Average","Excellent"))) -> Poor | J65: =IF(E65<0.2,"Low Discount",IF(E65<0.4,"Medium Discount","High Discount")) -> High Discount | K65: =IF(B65<500,"Low",IF(B65<1500,"Medium",IF(B65<3000,"High","Premium"))) -> Low
A66: VIC Wireless Vacuum Cleaner Dual Use For Home And Car 120W High Power Powerful | B66: 1220 | C66: 1555 | D66: 335 | E66: 0.22 | F66: 16 | G66: 2.9 | H66: =IF(F66="","No reviews",IF(F66>=20,"High",IF(F66>=5,"Medium","Low"))) -> Medium | I66: =IF(G66="","Not Rated",IF(G66<3,"Poor",IF(G66<4,"Average","Excellent"))) -> Poor | J66: =IF(E66<0.2,"Low Discount",IF(E66<0.4,"Medium Discount","High Discount")) -> Medium Discount | K66: =IF(B66<500,"Low",IF(B66<1500,"Medium",IF(B66<3000,"High","Premium"))) -> Medium
A67: Artificial Potted Flowers Room Decorative Flowers (2 Pieces) | B67: 990 | C67: 1814 | D67: 824 | E67: 0.45 | F67: 6 | G67: 2.2 | H67: =IF(F67="","No reviews",IF(F67>=20,"High",IF(F67>=5,"Medium","Low"))) -> Medium | I67: =IF(G67="","Not Rated",IF(G67<3,"Poor",IF(G67<4,"Average","Excellent"))) -> Poor | J67: =IF(E67<0.2,"Low Discount",IF(E67<0.4,"Medium Discount","High Discount")) -> High Discount | K67: =IF(B67<500,"Low",IF(B67<1500,"Medium",IF(B67<3000,"High","Premium"))) -> Medium
A68: 380ML USB Rechargeable Portable Small Blenders And Juicers | B68: 1000 | C68: 2000 | D68: 1000 | E68: 0.5 | F68: 7 | G68: 2.3 | H68: =IF(F68="","No reviews",IF(F68>=20,"High",IF(F68>=5,"Medium","Low"))) -> Medium | I68: =IF(G68="","Not Rated",IF(G68<3,"Poor",IF(G68<4,"Average","Excellent"))) -> Poor | J68: =IF(E68<0.2,"Low Discount",IF(E68<0.4,"Medium Discount","High Discount")) -> High Discount | K68: =IF(B68<500,"Low",IF(B68<1500,"Medium",IF(B68<3000,"High","Premium"))) -> Medium
A69: 32PCS Portable Cordless Drill Set With Cyclic Battery Drive -26 Variable Speed | B69: 3750 | C69: 6143 | D69: 2393 | E69: 0.39 | F69: 5 | G69: 3 | H69: =IF(F69="","No reviews",IF(F69>=20,"High",IF(F69>=5,"Medium","Low"))) -> Medium | I69: =IF(G69="","Not Rated",IF(G69<3,"Poor",IF(G69<4,"Average","Excellent"))) -> Average | J69: =IF(E69<0.2,"Low Discount",IF(E69<0.4,"Medium Discount","High Discount")) -> Medium Discount | K69: =IF(B69<500,"Low",IF(B69<1500,"Medium",IF(B69<3000,"High","Premium"))) -> Premium
A70: Agapeon Toothbrush Holder And Toothpaste Dispenser | B70: 382 | C70: 700 | D70: 318 | E70: 0.45 | F70: 17 | G70: 2.6 | H70: =IF(F70="","No reviews",IF(F70>=20,"High",IF(F70>=5,"Medium","Low"))) -> Medium | I70: =IF(G70="","Not Rated",IF(G70<3,"Poor",IF(G70<4,"Average","Excellent"))) -> Poor | J70: =IF(E70<0.2,"Low Discount",IF(E70<0.4,"Medium Discount","High Discount")) -> High Discount | K70: =IF(B70<500,"Low",IF(B70<1500,"Medium",IF(B70<3000,"High","Premium"))) -> Low
A71: Large Lazy Inflatable Sofa Chairs PVC Lounger Seat Bag | B71: 2300 | C71: 3240 | D71: 940 | E71: 0.29 | F71: 5 | G71: 3 | H71: =IF(F71="","No reviews",IF(F71>=20,"High",IF(F71>=5,"Medium","Low"))) -> Medium | I71: =IF(G71="","Not Rated",IF(G71<3,"Poor",IF(G71<4,"Average","Excellent"))) -> Average | J71: =IF(E71<0.2,"Low Discount",IF(E71<0.4,"Medium Discount","High Discount")) -> Medium Discount | K71: =IF(B71<500,"Low",IF(B71<1500,"Medium",IF(B71<3000,"High","Premium"))) -> High
A72: Watercolour Gold Foil Textured Print Pillow Cover | B72: 345 | C72: 602 | D72: 257 | E72: 0.43 | F72: 6 | G72: 2.3 | H72: =IF(F72="","No reviews",IF(F72>=20,"High",IF(F72>=5,"Medium","Low"))) -> Medium | I72: =IF(G72="","Not Rated",IF(G72<3,"Poor",IF(G72<4,"Average","Excellent"))) -> Poor | J72: =IF(E72<0.2,"Low Discount",IF(E72<0.4,"Medium Discount","High Discount")) -> High Discount | K72: =IF(B72<500,"Low",IF(B72<1500,"Medium",IF(B72<3000,"High","Premium"))) -> Low
... A75: Electric LED UV Mosquito Killer Lamp, Outdoor/Indoor Fly Killer Trap Light -USB | B75: 1570 | C75: 2988 | D75: 1418 | E75: 0.47 | F75: 7 | G75: 2.1 | H75: =IF(F75="","No reviews",IF(F75>=20,"High",IF(F75>=5,"Medium","Low"))) -> Medium | I75: =IF(G75="","Not Rated",IF(G75<3,"Poor",IF(G75<4,"Average","Excellent"))) -> Poor | J75: =IF(E75<0.2,"Low Discount",IF(E75<0.4,"Medium Discount","High Discount")) -> High Discount | K75: =IF(B75<500,"Low",IF(B75<1500,"Medium",IF(B75<3000,"High","Premium"))) -> High
A76: 2PCS/LOT Solar LED Outdoor Intelligent Light Controlled Wall Lamp | B76: 790 | C76: 1485 | D76: 695 | E76: 0.47 | H76: =IF(F76="","No reviews",IF(F76>=20,"High",IF(F76>=5,"Medium","Low"))) -> No reviews | I76: =IF(G76="","Not Rated",IF(G76<3,"Poor",IF(G76<4,"Average","Excellent"))) -> Not Rated | J76: =IF(E76<0.2,"Low Discount",IF(E76<0.4,"Medium Discount","High Discount")) -> High Discount | K76: =IF(B76<500,"Low",IF(B76<1500,"Medium",IF(B76<3000,"High","Premium"))) -> Medium
A77: 3PCS Rotary Scraper Thermomix For Kitchen | B77: 690 | C77: 1200 | D77: 510 | E77: 0.43 | H77: =IF(F77="","No reviews",IF(F77>=20,"High",IF(F77>=5,"Medium","Low"))) -> No reviews | I77: =IF(G77="","Not Rated",IF(G77<3,"Poor",IF(G77<4,"Average","Excellent"))) -> Not Rated | J77: =IF(E77<0.2,"Low Discount",IF(E77<0.4,"Medium Discount","High Discount")) -> High Discount | K77: =IF(B77<500,"Low",IF(B77<1500,"Medium",IF(B77<3000,"High","Premium"))) -> Medium
A78: Cushion Silicone Butt Cushion Summer Ice Cushion Honeycomb Gel Cushion | B78: 1732 | C78: 1799 | D78: 67 | E78: 0.04 | H78: =IF(F78="","No reviews",IF(F78>=20,"High",IF(F78>=5,"Medium","Low"))) -> No reviews | I78: =IF(G78="","Not Rated",IF(G78<3,"Poor",IF(G78<4,"Average","Excellent"))) -> Not Rated | J78: =IF(E78<0.2,"Low Discount",IF(E78<0.4,"Medium Discount","High Discount")) -> Low Discount | K78: =IF(B78<500,"Low",IF(B78<1500,"Medium",IF(B78<3000,"High","Premium"))) -> High
A79: 7PCS Silicone Thumb Knife Finger Protector Vegetable Harvesting Knife | B79: 230 | C79: 450 | D79: 220 | E79: 0.49 | H79: =IF(F79="","No reviews",IF(F79>=20,"High",IF(F79>=5,"Medium","Low"))) -> No reviews | I79: =IF(G79="","Not Rated",IF(G79<3,"Poor",IF(G79<4,"Average","Excellent"))) -> Not Rated | J79: =IF(E79<0.2,"Low Discount",IF(E79<0.4,"Medium Discount","High Discount")) -> High Discount | K79: =IF(B79<500,"Low",IF(B79<1500,"Medium",IF(B79<3000,"High","Premium"))) -> Low
A80: Memory Foam Neck Pillow Cover, With Pillow Core - 50*30cm | B80: 1189 | C80: 2199 | D80: 1010 | E80: 0.46 | F80: 1 | G80: 3 | H80: =IF(F80="","No reviews",IF(F80>=20,"High",IF(F80>=5,"Medium","Low"))) -> Low | I80: =IF(G80="","Not Rated",IF(G80<3,"Poor",IF(G80<4,"Average","Excellent"))) -> Average | J80: =IF(E80<0.2,"Low Discount",IF(E80<0.4,"Medium Discount","High Discount")) -> High Discount | K80: =IF(B80<500,"Low",IF(B80<1500,"Medium",IF(B80<3000,"High","Premium"))) -> Medium
A81: Bedroom Simple Floor Hanging Clothes Rack Single Pole Hat Rack - White | B81: 979 | C81: 1920 | D81: 941 | E81: 0.49 | F81: 1 | G81: 5 | H81: =IF(F81="","No reviews",IF(F81>=20,"High",IF(F81>=5,"Medium","Low"))) -> Low | I81: =IF(G81="","Not Rated",IF(G81<3,"Poor",IF(G81<4,"Average","Excellent"))) -> Excellent | J81: =IF(E81<0.2,"Low Discount",IF(E81<0.4,"Medium Discount","High Discount")) -> High Discount | K81: =IF(B81<500,"Low",IF(B81<1500,"Medium",IF(B81<3000,"High","Premium"))) -> Medium
A82: 5m Waterproof Spherical LED String Lights Outdoor Ball Chain Lights Party Lighting Decoration Adjustable | B82: 1460 | C82: 2290 | D82: 830 | E82: 0.36 | H82: =IF(F82="","No reviews",IF(F82>=20,"High",IF(F82>=5,"Medium","Low"))) -> No reviews | I82: =IF(G82="","Not Rated",IF(G82<3,"Poor",IF(G82<4,"Average","Excellent"))) -> Not Rated | J82: =IF(E82<0.2,"Low Discount",IF(E82<0.4,"Medium Discount","High Discount")) -> Medium Discount | K82: =IF(B82<500,"Low",IF(B82<1500,"Medium",IF(B82<3000,"High","Premium"))) -> Medium
A83: 2 Pairs Cowhide Split Leather Work Gloves.32â„‰ Or Above Welding Gloves | B83: 1666 | C83: 1699 | D83: 33 | E83: 0.02 | H83: =IF(F83="","No reviews",IF(F83>=20,"High",IF(F83>=5,"Medium","Low"))) -> No reviews | I83: =IF(G83="","Not Rated",IF(G83<3,"Poor",IF(G83<4,"Average","Excellent"))) -> Not Rated | J83: =IF(E83<0.2,"Low Discount",IF(E83<0.4,"Medium Discount","High Discount")) -> Low Discount | K83: =IF(B83<500,"Low",IF(B83<1500,"Medium",IF(B83<3000,"High","Premium"))) -> High
A84: Household Pineapple Peeler Peeler | B84: 330 | C84: 647 | D84: 317 | E84: 0.49 | F84: 1 | G84: 4 | H84: =IF(F84="","No reviews",IF(F84>=20,"High",IF(F84>=5,"Medium","Low"))) -> Low | I84: =IF(G84="","Not Rated",IF(G84<3,"Poor",IF(G84<4,"Average","Excellent"))) -> Excellent | J84: =IF(E84<0.2,"Low Discount",IF(E84<0.4,"Medium Discount","High Discount")) -> High Discount | K84: =IF(B84<500,"Low",IF(B84<1500,"Medium",IF(B84<3000,"High","Premium"))) -> Low
A85: Creative Owl Shape Keychain Black | B85: 176 | C85: 345 | D85: 169 | E85: 0.49 | H85: =IF(F85="","No reviews",IF(F85>=20,"High",IF(F85>=5,"Medium","Low"))) -> No reviews | I85: =IF(G85="","Not Rated",IF(G85<3,"Poor",IF(G85<4,"Average","Excellent"))) -> Not Rated | J85: =IF(E85<0.2,"Low Discount",IF(E85<0.4,"Medium Discount","High Discount")) -> High Discount | K85: =IF(B85<500,"Low",IF(B85<1500,"Medium",IF(B85<3000,"High","Premium"))) -> Low
A86: Office Chair Lumbar Back Support Spine Posture Correction Pillow Car Cushion | B86: 1466 | C86: 1699 | D86: 233 | E86: 0.14 | H86: =IF(F86="","No reviews",IF(F86>=20,"High",IF(F86>=5,"Medium","Low"))) -> No reviews | I86: =IF(G86="","Not Rated",IF(G86<3,"Poor",IF(G86<4,"Average","Excellent"))) -> Not Rated | J86: =IF(E86<0.2,"Low Discount",IF(E86<0.4,"Medium Discount","High Discount")) -> Low Discount | K86: =IF(B86<500,"Low",IF(B86<1500,"Medium",IF(B86<3000,"High","Premium"))) -> Medium
A87: Cartoon Car Decoration Cute Individuality For Car Home Desk | B87: 274 | C87: 537 | D87: 263 | E87: 0.49 | H87: =IF(F87="","No reviews",IF(F87>=20,"High",IF(F87>=5,"Medium","Low"))) -> No reviews | I87: =IF(G87="","Not Rated",IF(G87<3,"Poor",IF(G87<4,"Average","Excellent"))) -> Not Rated | J87: =IF(E87<0.2,"Low Discount",IF(E87<0.4,"Medium Discount","High Discount")) -> High Discount | K87: =IF(B87<500,"Low",IF(B87<1500,"Medium",IF(B87<3000,"High","Premium"))) -> Low
A88: Outdoor Portable Water Bottle With Medicine Box - 600ML - Black | B88: 799 | C88: 900 | D88: 101 | E88: 0.11 | H88: =IF(F88="","No reviews",IF(F88>=20,"High",IF(F88>=5,"Medium","Low"))) -> No reviews | I88: =IF(G88="","Not Rated",IF(G88<3,"Poor",IF(G88<4,"Average","Excellent"))) -> Not Rated | J88: =IF(E88<0.2,"Low Discount",IF(E88<0.4,"Medium Discount","High Discount")) -> Low Discount | K88: =IF(B88<500,"Low",IF(B88<1500,"Medium",IF(B88<3000,"High","Premium"))) -> Medium
A89: Angle Measuring Tool Full Metal Multi Angle Measuring Tool | B89: 657 | C89: 1288 | D89: 631 | E89: 0.49 | H89: =IF(F89="","No reviews",IF(F89>=20,"High",IF(F89>=5,"Medium","Low"))) -> No reviews | I89: =IF(G89="","Not Rated",IF(G89<3,"Poor",IF(G89<4,"Average","Excellent"))) -> Not Rated | J89: =IF(E89<0.2,"Low Discount",IF(E89<0.4,"Medium Discount","High Discount")) -> High Discount | K89: =IF(B89<500,"Low",IF(B89<1500,"Medium",IF(B89<3000,"High","Premium"))) -> Medium
A90: Wall-Mounted Toothbrush Toothpaste Holder With Multiple Slots | B90: 1468 | C90: 1699 | D90: 231 | E90: 0.14 | H90: =IF(F90="","No reviews",IF(F90>=20,"High",IF(F90>=5,"Medium","Low"))) -> No reviews | I90: =IF(G90="","Not Rated",IF(G90<3,"Poor",IF(G90<4,"Average","Excellent"))) -> Not Rated | J90: =IF(E90<0.2,"Low Discount",IF(E90<0.4,"Medium Discount","High Discount")) -> Low Discount | K90: =IF(B90<500,"Low",IF(B90<1500,"Medium",IF(B90<3000,"High","Premium"))) -> Medium
A91: Multifunctional Hanging Storage Box Storage Bag (4 Layers) | B91: 630 | C91: 1100 | D91: 470 | E91: 0.43 | H91: =IF(F91="","No reviews",IF(F91>=20,"High",IF(F91>=5,"Medium","Low"))) -> No reviews | I91: =IF(G91="","Not Rated",IF(G91<3,"Poor",IF(G91<4,"Average","Excellent"))) -> Not Rated | J91: =IF(E91<0.2,"Low Discount",IF(E91<0.4,"Medium Discount","High Discount")) -> High Discount | K91: =IF(B91<500,"Low",IF(B91<1500,"Medium",IF(B91<3000,"High","Premium"))) -> Medium
A92: Wall Clock With Hidden Safe Box | B92: 850 | C92: 1700 | D92: 850 | E92: 0.5 | H92: =IF(F92="","No reviews",IF(F92>=20,"High",IF(F92>=5,"Medium","Low"))) -> No reviews | I92: =IF(G92="","Not Rated",IF(G92<3,"Poor",IF(G92<4,"Average","Excellent"))) -> Not Rated | J92: =IF(E92<0.2,"Low Discount",IF(E92<0.4,"Medium Discount","High Discount")) -> High Discount | K92: =IF(B92<500,"Low",IF(B92<1500,"Medium",IF(B92<3000,"High","Premium"))) -> Medium
A93: Portable Wine Table With Folding Round Table | B93: 1300 | C93: 2500 | D93: 1200 | E93: 0.48 | H93: =IF(F93="","No reviews",IF(F93>=20,"High",IF(F93>=5,"Medium","Low"))) -> No reviews | I93: =IF(G93="","Not Rated",IF(G93<3,"Poor",IF(G93<4,"Average","Excellent"))) -> Not Rated | J93: =IF(E93<0.2,"Low Discount",IF(E93<0.4,"Medium Discount","High Discount")) -> High Discount | K93: =IF(B93<500,"Low",IF(B93<1500,"Medium",IF(B93<3000,"High","Premium"))) -> Medium
A94: Sewing Machine Needle Threader Stitch Insertion Tool Automatic Quick Sewing | B94: 105 | C94: 200 | D94: 95 | E94: 0.48 | H94: =IF(F94="","No reviews",IF(F94>=20,"High",IF(F94>=5,"Medium","Low"))) -> No reviews | I94: =IF(G94="","Not Rated",IF(G94<3,"Poor",IF(G94<4,"Average","Excellent"))) -> Not Rated | J94: =IF(E94<0.2,"Low Discount",IF(E94<0.4,"Medium Discount","High Discount")) -> High Discount | K94: =IF(B94<500,"Low",IF(B94<1500,"Medium",IF(B94<3000,"High","Premium"))) -> Low
A95: 6 Layers Steel Pipe Assembling Dustproof Storage Shoe Cabinet | B95: 899 | C95: 1699 | D95: 800 | E95: 0.47 | H95: =IF(F95="","No reviews",IF(F95>=20,"High",IF(F95>=5,"Medium","Low"))) -> No reviews | I95: =IF(G95="","Not Rated",IF(G95<3,"Poor",IF(G95<4,"Average","Excellent"))) -> Not Rated | J95: =IF(E95<0.2,"Low Discount",IF(E95<0.4,"Medium Discount","High Discount")) -> High Discount | K95: =IF(B95<500,"Low",IF(B95<1500,"Medium",IF(B95<3000,"High","Premium"))) -> Medium
A96: 2PCS Ice Silk Square Cushion Cover Pillowcases - 65x65cm | B96: 1200 | C96: 2400 | D96: 1200 | E96: 0.5 | H96: =IF(F96="","No reviews",IF(F96>=20,"High",IF(F96>=5,"Medium","Low"))) -> No reviews | I96: =IF(G96="","Not Rated",IF(G96<3,"Poor",IF(G96<4,"Average","Excellent"))) -> Not Rated | J96: =IF(E96<0.2,"Low Discount",IF(E96<0.4,"Medium Discount","High Discount")) -> High Discount | K96: =IF(B96<500,"Low",IF(B96<1500,"Medium",IF(B96<3000,"High","Premium"))) -> Medium
... A102: 8in1 Screwdriver With LED Light | B102: 1080 | C102: 1874 | D102: 794 | E102: 0.42 | H102: =IF(F102="","No reviews",IF(F102>=20,"High",IF(F102>=5,"Medium","Low"))) -> No reviews | I102: =IF(G102="","Not Rated",IF(G102<3,"Poor",IF(G102<4,"Average","Excellent"))) -> Not Rated | J102: =IF(E102<0.2,"Low Discount",IF(E102<0.4,"Medium Discount","High Discount")) -> High Discount | K102: =IF(B102<500,"Low",IF(B102<1500,"Medium",IF(B102<3000,"High","Premium"))) -> Medium
A103: Konka Healty Electric Kettle, 24-hour Heat Preservation,1.5L,800W, White | B103: 3640 | C103: 4588 | D103: 948 | E103: 0.21 | F103: 1 | G103: 5 | H103: =IF(F103="","No reviews",IF(F103>=20,"High",IF(F103>=5,"Medium","Low"))) -> Low | I103: =IF(G103="","Not Rated",IF(G103<3,"Poor",IF(G103<4,"Average","Excellent"))) -> Excellent | J103: =IF(E103<0.2,"Low Discount",IF(E103<0.4,"Medium Discount","High Discount")) -> Medium Discount | K103: =IF(B103<500,"Low",IF(B103<1500,"Medium",IF(B103<3000,"High","Premium"))) -> Premium
A104: 9pcs Gas Mask, For Painting, Dust, Formaldehyde Grinding, Polishing | B104: 1420 | C104: 2420 | D104: 1000 | E104: 0.41 | H104: =IF(F104="","No reviews",IF(F104>=20,"High",IF(F104>=5,"Medium","Low"))) -> No reviews | I104: =IF(G104="","Not Rated",IF(G104<3,"Poor",IF(G104<4,"Average","Excellent"))) -> Not Rated | J104: =IF(E104<0.2,"Low Discount",IF(E104<0.4,"Medium Discount","High Discount")) -> High Discount | K104: =IF(B104<500,"Low",IF(B104<1500,"Medium",IF(B104<3000,"High","Premium"))) -> Medium
A105: 24 Grid Wall-mounted Sundries Organiser Fabric Closet Bag Storage Rack | B105: 1875 | C105: 1899 | D105: 24 | E105: 0.01 | H105: =IF(F105="","No reviews",IF(F105>=20,"High",IF(F105>=5,"Medium","Low"))) -> No reviews | I105: =IF(G105="","Not Rated",IF(G105<3,"Poor",IF(G105<4,"Average","Excellent"))) -> Not Rated | J105: =IF(E105<0.2,"Low Discount",IF(E105<0.4,"Medium Discount","High Discount")) -> Low Discount | K105: =IF(B105<500,"Low",IF(B105<1500,"Medium",IF(B105<3000,"High","Premium"))) -> High
A106: 1PC Refrigerator Food Seal Pocket Fridge Bags | B106: 198 | C106: 260 | D106: 62 | E106: 0.24 | H106: =IF(F106="","No reviews",IF(F106>=20,"High",IF(F106>=5,"Medium","Low"))) -> No reviews | I106: =IF(G106="","Not Rated",IF(G106<3,"Poor",IF(G106<4,"Average","Excellent"))) -> Not Rated | J106: =IF(E106<0.2,"Low Discount",IF(E106<0.4,"Medium Discount","High Discount")) -> Medium Discount | K106: =IF(B106<500,"Low",IF(B106<1500,"Medium",IF(B106<3000,"High","Premium"))) -> Low
A107: LED Solar Street Light-fake Camera | B107: 1150 | C107: 1737 | D107: 587 | E107: 0.34 | H107: =IF(F107="","No reviews",IF(F107>=20,"High",IF(F107>=5,"Medium","Low"))) -> No reviews | I107: =IF(G107="","Not Rated",IF(G107<3,"Poor",IF(G107<4,"Average","Excellent"))) -> Not Rated | J107: =IF(E107<0.2,"Low Discount",IF(E107<0.4,"Medium Discount","High Discount")) -> Medium Discount | K107: =IF(B107<500,"Low",IF(B107<1500,"Medium",IF(B107<3000,"High","Premium"))) -> Medium
A108: Cartoon Embroidered Mini Towel Bear Cotton Wash Cloth Hand 4pcs | B108: 1190 | C108: 1810 | D108: 620 | E108: 0.34 | H108: =IF(F108="","No reviews",IF(F108>=20,"High",IF(F108>=5,"Medium","Low"))) -> No reviews | I108: =IF(G108="","Not Rated",IF(G108<3,"Poor",IF(G108<4,"Average","Excellent"))) -> Not Rated | J108: =IF(E108<0.2,"Low Discount",IF(E108<0.4,"Medium Discount","High Discount")) -> Medium Discount | K108: =IF(B108<500,"Low",IF(B108<1500,"Medium",IF(B108<3000,"High","Premium"))) -> Medium
A109: Shower Nozzle Cleaning Unclogging Needle Mini Crevice Small Hole Cleaning Brush | B109: 1658 | C109: 1699 | D109: 41 | E109: 0.02 | H109: =IF(F109="","No reviews",IF(F109>=20,"High",IF(F109>=5,"Medium","Low"))) -> No reviews | I109: =IF(G109="","Not Rated",IF(G109<3,"Poor",IF(G109<4,"Average","Excellent"))) -> Not Rated | J109: =IF(E109<0.2,"Low Discount",IF(E109<0.4,"Medium Discount","High Discount")) -> Low Discount | K109: =IF(B109<500,"Low",IF(B109<1500,"Medium",IF(B109<3000,"High","Premium"))) -> High
A110: Thickening Multipurpose Non Stick Easy To Clean Heat Resistant Spoon Pad | B110: 1768 | C110: 1799 | D110: 31 | E110: 0.02 | H110: =IF(F110="","No reviews",IF(F110>=20,"High",IF(F110>=5,"Medium","Low"))) -> No reviews | I110: =IF(G110="","Not Rated",IF(G110<3,"Poor",IF(G110<4,"Average","Excellent"))) -> Not Rated | J110: =IF(E110<0.2,"Low Discount",IF(E110<0.4,"Medium Discount","High Discount")) -> Low Discount | K110: =IF(B110<500,"Low",IF(B110<1500,"Medium",IF(B110<3000,"High","Premium"))) -> High
A111: 6 In 1 Bottle Can Opener Multifunctional Easy Opener | B111: 199 | C111: 553 | D111: 354 | E111: 0.64 | H111: =IF(F111="","No reviews",IF(F111>=20,"High",IF(F111>=5,"Medium","Low"))) -> No reviews | I111: =IF(G111="","Not Rated",IF(G111<3,"Poor",IF(G111<4,"Average","Excellent"))) -> Not Rated | J111: =IF(E111<0.2,"Low Discount",IF(E111<0.4,"Medium Discount","High Discount")) -> High Discount | K111: =IF(B111<500,"Low",IF(B111<1500,"Medium",IF(B111<3000,"High","Premium"))) -> Low
A112: Wall-mounted Sticker Punch-free Plug Fixer | B112: 450 | C112: 900 | D112: 450 | E112: 0.5 | F112: 1 | G112: 2 | H112: =IF(F112="","No reviews",IF(F112>=20,"High",IF(F112>=5,"Medium","Low"))) -> Low | I112: =IF(G112="","Not Rated",IF(G112<3,"Poor",IF(G112<4,"Average","Excellent"))) -> Poor | J112: =IF(E112<0.2,"Low Discount",IF(E112<0.4,"Medium Discount","High Discount")) -> High Discount | K112: =IF(B112<500,"Low",IF(B112<1500,"Medium",IF(B112<3000,"High","Premium"))) -> Low
A113: Black Simple Water Cup Wine Coaster Anti Slip Absorbent | B113: 169 | C113: 320 | D113: 151 | E113: 0.47 | H113: =IF(F113="","No reviews",IF(F113>=20,"High",IF(F113>=5,"Medium","Low"))) -> No reviews | I113: =IF(G113="","Not Rated",IF(G113<3,"Poor",IF(G113<4,"Average","Excellent"))) -> Not Rated | J113: =IF(E113<0.2,"Low Discount",IF(E113<0.4,"Medium Discount","High Discount")) -> High Discount | K113: =IF(B113<500,"Low",IF(B113<1500,"Medium",IF(B113<3000,"High","Premium"))) -> Low

Sheet Analysis
A1: THRESHOLDS (used by Cleaned_Data categories)
A2: Price_Q1(25th percentile) | B2: =QUARTILE(Cleaned_data!B2:B113,1) -> 500.5
A3: Price_Q3(75th percentile) | B3: =QUARTILE(Cleaned_data!B2:B113,3) -> 1693
A6: KEY PERFORMANCE INDICATORS
A7: Total products | B7: =COUNTA(Cleaned_data!B2:B113) -> 112
A8: Average current price (KSh) | B8: =AVERAGE(Cleaned_data!B2:B113) -> 1201.4375
A9: Average old price (KSh) | B9: =AVERAGE(Cleaned_data!C2:C113) -> 1811.1071
A10: Average discount_price | B10: =AVERAGE(Cleaned_data!D2:D1113) -> 609.66964
A11: Average discount | B11: =AVERAGE(Cleaned_data!E2:E113) -> 0.36776786
A12: Average rating | B12: =AVERAGE(Cleaned_data!G2:G113) -> 3.8894737
A13: Total Reviews | B13: =SUM(Cleaned_data!F2:F113) -> 723
A14: Most Expensive price (ksh) | B14: =MAX(Cleaned_data!B2:B113) -> 3750
A15: Most Expensive product | B15: =INDEX(Cleaned_data!A2:A113,MATCH(MAX(Cleaned_data!B2:B113),Cleaned_data!B2:B113,0)) -> 32PCS Portable Cordless Drill Set With Cyclic Battery Drive -26 Variable Speed
A16: Least Expensive price(ksh) | B16: =MIN(Cleaned_data!B2:B113) -> 38
A17: least Expensive product | B17: =INDEX(Cleaned_data!A2:A113,MATCH(MIN(Cleaned_data!B2:B113),Cleaned_data!B2:B113,0)) -> 3PCS Single Head Knitting Crochet Sweater Needle Set
A18: Average discount percentage. | B18: =AVERAGE(Cleaned_data!E2:E113) -> 0.36776786
A19: CORRELATION ANALYSIS
A20: Discount vs Review | B20: =CORREL(Cleaned_data!E2:E113,Cleaned_data!F2:F113) -> -0.13682272
A21: Rating vs Review | B21: =CORREL(Cleaned_data!G2:G113,Cleaned_data!F2:F113) -> 0.057209035
A22: Current Price vs Rating | B22: =CORREL(Cleaned_data!B2:B113,Cleaned_data!G2:G113) -> 0.14959837
A24: RANKED PRODUCT TABLES
A25: Top 5 products by Rating
A26: {=INDEX(_xlfn.SORTBY(Cleaned_data!A2:A113, Cleaned_data!G2:G113, -1, Cleaned_data!F2:F113, -1), _xlfn.SEQUENCE(5))} -> 4pcs Bathroom/Kitchen Towel Rack,Roll Paper Holder,Towel Bars,Hook
A27: MultiFunctional Storage Rack Multi-layer Bookshelf
A28: LASA Stainless Steel Double Wall Mount Soap Dispenser - 500ml
A29: 4M Float Switch Water Level Controller -Water Tank
A30: Modern Sofa Throw Pillow Cover-45x45cm-Blue&Red
A32: Top 5 products with lowest Rating
A33: {=INDEX(_xlfn.SORTBY(Cleaned_data!A2:A113, Cleaned_data!G2:G113, 1, Cleaned_data!F2:F113, -1), _xlfn.SEQUENCE(5))} -> Wall-mounted Sticker Punch-free Plug Fixer
A34: 5-PCS Stainless Steel Cooking Pot Set With Steamed Slices
A35: Electric LED UV Mosquito Killer Lamp, Outdoor/Indoor Fly Killer Trap Light -USB
A36: Artificial Potted Flowers Room Decorative Flowers (2 Pieces)
A37: 7-piece Set Of Storage Bags, Travel Storage Bags, Shoe Bags
A39: Top 10 by Discount
A40: {=INDEX(_xlfn.SORTBY(Cleaned_data!A2:A113, Cleaned_data!E2:E113, -1), _xlfn.SEQUENCE(10))} -> 6 In 1 Bottle Can Opener Multifunctional Easy Opener
A41: Creative Owl Shape Keychain Black
A42: LASA FOLDING TABLE SERVING STAND
A43: Simple Metal Dog Art Sculpture Decoration For Home Office
A44: 5-PCS Stainless Steel Cooking Pot Set With Steamed Slices
A45: LASA 3 Tier Bamboo Shoe Bench Storage Shelf
A46: Mythco 120COB Solar Wall Ligt With Motion Sensor And Remote Control 3 Modes
A47: 3PCS Single Head Knitting Crochet Sweater Needle Set
A48: Classic Black Cat Cotton Hemp Pillow Case For Home Car
A49: Exfoliate And Exfoliate Face Towel - Black
A51: Top 10 by Reviews
A52: {=INDEX(_xlfn.SORTBY(Cleaned_data!A2:A113, Cleaned_data!F2:F113, -1), _xlfn.SEQUENCE(10))} -> 120W Cordless Vacuum Cleaners Handheld Electric Vacuum Cleaner
A53: 137 Pieces Cake Decorating Tool Set Baking Supplies
A54: Electronic Digital Display Vernier Caliper
A55: 3D Waterproof EVA Plastic Shower Curtain 1.8*2Mtrs
A56: 100 Pcs Crochet Hook Tool Set Knitting Hook Set With Box
A57: Punch-free Great Load Bearing Bathroom Storage Rack Wall Shelf-White
A58: 53 Pieces/Set Yarn Knitting Crochet Hooks With Bag - Pansies
A59: Portable Mini Cordless Car Vacuum Cleaner - Blue
A60: 52 Pieces Cake Decorating Tool Set Gift Kit Baking Supplies
A61: 53Pcs/Set Yarn Knitting Crochet Hooks With Bag - Fortune Cat
A63: High Discount (>40%) but Low Rating (<3)
A64: {=_xlfn._xlws.FILTER(Cleaned_data!A2:A113, (Cleaned_data!E2:E113>0.4)*(Cleaned_data!G2:G113<3))} -> 5-PCS Stainless Steel Cooking Pot Set With Steamed Slices
A65: 120W Cordless Vacuum Cleaners Handheld Electric Vacuum Cleaner
A66: Intelligent LED Body Sensor Wireless Lighting Night Light USB
A67: Artificial Potted Flowers Room Decorative Flowers (2 Pieces)
A68: 380ML USB Rechargeable Portable Small Blenders And Juicers
A69: Agapeon Toothbrush Holder And Toothpaste Dispenser
A70: Watercolour Gold Foil Textured Print Pillow Cover
A71: 7-piece Set Of Storage Bags, Travel Storage Bags, Shoe Bags
A72: Electric LED UV Mosquito Killer Lamp, Outdoor/Indoor Fly Killer Trap Light -USB
A73: Wall-mounted Sticker Punch-free Plug Fixer
A75: High Discount (>40%) but Low Engagement (below 75th percentile)
A76: =_xlfn.PERCENTILE.INC(Cleaned_data!F2:F113, 0.75) -> 14
A78: Products with strong customer engagement
A80: {=_xlfn._xlws.FILTER(CHOOSE({1,2,3},Cleaned_data!A2:A113,Cleaned_data!F2:F113,Cleaned_data!G2:G113),Cleaned_data!F2:F113>=_xlfn.PERCENTILE.INC(Cleaned_data!F2:F113,0.75))} -> Metal Decorative Hooks Key Hangers Entryway Wall Hooks Towel Hooks - Home | B80: 14 | C80: 4.1
A81: Portable Mini Cordless Car Vacuum Cleaner - Blue | B81: 24 | C81: 4.6
A82: 220V 60W Electric Soldering Iron Kits With Tools, Tips, And Multimeter | B82: 15 | C82: 4
A83: 137 Pieces Cake Decorating Tool Set Baking Supplies | B83: 55 | C83: 4.6
A84: 100 Pcs Crochet Hook Tool Set Knitting Hook Set With Box | B84: 39 | C84: 4.7
A85: 3D Waterproof EVA Plastic Shower Curtain 1.8*2Mtrs | B85: 44 | C85: 4.6
A86: Foldable Overbed Table/Desk | B86: 14 | C86: 4.4
A87: Electronic Digital Display Vernier Caliper | B87: 49 | C87: 4.6
A88: 52 Pieces Cake Decorating Tool Set Gift Kit Baking Supplies | B88: 20 | C88: 4.1
A89: 53Pcs/Set Yarn Knitting Crochet Hooks With Bag - Fortune Cat | B89: 20 | C89: 4.7
A90: 53 Pieces/Set Yarn Knitting Crochet Hooks With Bag - Pansies | B90: 32 | C90: 4.5
A91: Punch-free Great Load Bearing Bathroom Storage Rack Wall Shelf-White | B91: 36 | C91: 4.3
A92: 120W Cordless Vacuum Cleaners Handheld Electric Vacuum Cleaner | B92: 69 | C92: 2.8
... A95: Agapeon Toothbrush Holder And Toothpaste Dispenser | B95: 17 | C95: 2.6
